ID,Name,Email,Status,Agent
32,canab moh,canab@gmail.com,pending,N/A
31,ramlooy Ali,muse@gmail.com,pending,N/A
30,waryaa Ali,dfgh@gmail.com,pending,N/A
29,qaxaaye cli,qa@gmail.com,pending,N/A
28,hanad Ali,han@gmail.com,pending,N/A
27,hanad hassan,han@gmail.com,pending,N/A
26,hanad hassan,han@gmail.com,pending,N/A
25,hanad Ali,eid@gmail.com,pending,N/A
24,hanad Ali,eid@gmail.com,pending,N/A
23,hanad Ali,eid@gmail.com,pending,N/A
22,hanad Ali,eid@gmail.com,pending,N/A
21,hanad Ali,eid@gmail.com,pending,N/A
20,hanad Ali,eid@gmail.com,pending,N/A
19,hanad Ali,eid@gmail.com,pending,N/A
18,hanad Ali,eid@gmail.com,pending,N/A
17,hanad Ali,eid@gmail.com,pending,N/A
16,warfaa Abdi,war@gmail.com,pending,N/A
15,mansuur hassan,war@gmail.com,pending,N/A
14,mohamed Hassan,moh@gmail.com,pending,N/A
13,Fadumo hassan Ali,fadumo@gmail.com,pending,N/A
12,Zamzam muhamed,zam@gmail.com,pending,N/A
11,iqro Abdullahi Mohamed,eidabdullahi10@gmail.com,verified,N/A
10,mursa ALi,mursal@gmail.com,pending,N/A
9,jamac yu,yu@gmail.com,pending,N/A
8,abdisamad Ali,abdi@gmail.com,pending,N/A
7,XALIM HASSAN,xak@gmail.ccom,pending,N/A
6,Zam Hassan,zam@gmail.com,pending,N/A
5,ruqiyo farax,ru@gmail.com,pending,N/A
4,ramlo clmi,ra@gmail.com,pending,N/A
3,sacdiyo muqtaar,sacdiyo@gmail.com,pending,N/A
2,casho farah,cash@gmail.com,pending,N/A
1,Abdinasir Ali,abdi@gmail.com,pending,N/A
